"Feature ID"	"Taxon"	"Confidence"
"002784d4158a4027a56416cce4b940a5"	"D_0__Bacteria"	"0.9639611577654392"
"0034f9f1f2d9f5df387432496ed54573"	"D_0__Bacteria"	"0.9543146283581471"
"021f147134562f13f4f5fad0574fc755"	"D_0__Bacteria"	"0.9652041427124698"
"025d9fbae33d5280917fa596a724a59e"	"D_0__Bacteria"	"0.9800076635927708"
"02c3af73573855c8a5dab584169d53f7"	"D_0__Bacteria"	"0.957521604487344"
"03bae24c335fe43da52c8a44826ab853"	"D_0__Bacteria"	"0.9417458839549662"
"040139de6443631246c2b7f1e415a41b"	"D_0__Bacteria"	"0.9496221295085555"
"04a97f07a28642cfcba29434560a0994"	"D_0__Bacteria"	"0.9521239419324462"
"04b74038d61fe2bace77d701c2e30bc6"	"D_0__Bacteria;D_1__Proteobacteria;D_2__Gammaproteobacteria;D_3__Pseudomonadales;D_4__Moraxellaceae;D_5__Acinetobacter"	"0.9204212526120957"
"05318c1e69e65d4cd8dbd13bbe2cd19b"	"D_0__Bacteria;D_1__Proteobacteria;D_2__Betaproteobacteria;D_3__Burkholderiales;D_4__Comamonadaceae;D_5__Delftia"	"0.9150465511644164"
"071693a0b3c9da4c393f03cf0cb647ec"	"D_0__Bacteria"	"0.9726921767020108"
"0784dfaffdf6dad289b9bb37f65fed75"	"D_0__Bacteria"	"0.974881588146847"
"07bf99a38419036f49d76919fb9e9af7"	"D_0__Bacteria;D_1__Proteobacteria;D_2__Betaproteobacteria;D_3__Burkholderiales"	"0.8667342245815618"
"081205ab8c6aeaa13e759f07fb92fa7d"	"D_0__Bacteria"	"0.9565418776092114"
"0907a4bade77a51c04428698ae14cdff"	"D_0__Bacteria;D_1__Proteobacteria;D_2__Alphaproteobacteria;D_3__Rhizobiales;D_4__Rhizobiaceae;D_5__Rhizobium"	"0.7121032988427235"
"0bccba43b34f1cc1d1a6844e39a2dbd5"	"D_0__Bacteria"	"0.9721918805654084"
"0bf86e80ab287770313005cfedc02aa6"	"D_0__Bacteria"	"0.9491921462234472"
"0c0e76a9c2cc7e24ff561e303bd42639"	"D_0__Bacteria"	"0.9501518163840738"
"0c6e4fa965d635acb7df1e6760b74df4"	"D_0__Bacteria"	"0.948352677050022"
"0cc22b1fe3c26e9fdb03acf47e1717a7"	"D_0__Bacteria"	"0.9836327737819687"
"0d8a585666759b0bf9ec35bdd0e24a3b"	"D_0__Bacteria"	"0.9468764571867286"
"0dfcc62d553a0963dd20935d38fe27a3"	"D_0__Bacteria"	"0.9631378347427682"
"0e80bc5e56fc54fb41da96d7b23b9aaa"	"D_0__Bacteria"	"0.9416446104320914"
"0fbcdeba198c387f12307f4773e228d4"	"D_0__Bacteria;D_1__Bacteroidetes;D_2__Flavobacteriia;D_3__Flavobacteriales;D_4__Flavobacteriaceae;D_5__Cloacibacterium;D_6__uncultured bacterium;D_7__;D_8__;D_9__;D_10__;D_11__;D_12__;D_13__;D_14__"	"0.952729330027223"
"0fdd7067b519e01742ffccd498036656"	"Unassigned"	"0.9490575855190685"
"11502c8b740d24caef5b1b9f97c52ced"	"D_0__Bacteria;D_1__Proteobacteria;D_2__Alphaproteobacteria;D_3__Rhodospirillales;D_4__Acetobacteraceae;D_5__Acetobacter;Ambiguous_taxa;D_7__;D_8__;D_9__;D_10__;D_11__;D_12__;D_13__;D_14__"	"0.719312804645396"
"117ae47f7c448e57f6ca8330eba82d7c"	"D_0__Bacteria"	"0.9459093025296877"
"11d1266baad3cf779e52d6150122b034"	"D_0__Bacteria"	"0.9626452216763215"
"12dd393142330735bb5f14c9f86d3fd0"	"D_0__Bacteria"	"0.9676673166914695"
"1388595903a308799191ccedc9ce2e9d"	"D_0__Bacteria"	"0.9630107966659732"
"1448584edd406ba40225c05e0ab49aba"	"Unassigned"	"0.9508250469202791"
"1512fe096bb10e24529886194383bceb"	"D_0__Bacteria;D_1__Proteobacteria;D_2__Alphaproteobacteria;D_3__Rhodospirillales;D_4__Acetobacteraceae"	"0.9749019278579079"
"1634059aa1a946e243826767c60274ab"	"D_0__Bacteria"	"0.9792283285073783"
"1641536a87d5e51d158e21689e55b594"	"Unassigned"	"0.9398210971817351"
"164a0a5fbd987bd15c48adf008f691b9"	"D_0__Bacteria;D_1__Proteobacteria;D_2__Gammaproteobacteria;D_3__Pseudomonadales;D_4__Moraxellaceae;D_5__Acinetobacter"	"0.9426119633858795"
"164fd740321db26b87259304ed6c29a1"	"D_0__Bacteria"	"0.9641001378018924"
"16abf498bff7729bd72a11023895a9cb"	"D_0__Bacteria"	"0.9681703457071004"
"173190252ac4fcf704fd400ac3a03e9a"	"D_0__Bacteria;D_1__Proteobacteria;D_2__Alphaproteobacteria;D_3__Rhodospirillales;D_4__Acetobacteraceae;D_5__Acetobacter;Ambiguous_taxa;D_7__;D_8__;D_9__;D_10__;D_11__;D_12__;D_13__;D_14__"	"0.9579694227450813"
"17c68a4f70d0ca8ae511974071ae1f1c"	"D_0__Bacteria"	"0.948725205420442"
"1836f7932573c8d1c52b32c79bd41c00"	"D_0__Bacteria;D_1__Proteobacteria;D_2__Betaproteobacteria;D_3__Burkholderiales;D_4__Comamonadaceae;D_5__Pelomonas;D_6__uncultured bacterium;D_7__;D_8__;D_9__;D_10__;D_11__;D_12__;D_13__;D_14__"	"0.8592731406481511"
"18d1dcf7bc2493cd4c6b0c2ade4d8997"	"D_0__Bacteria"	"0.9433729947290186"
"18f511a4677cad154fb40c8af71c893a"	"D_0__Bacteria"	"0.9451095313464243"
"198da73dd32ec96ffb2c19c2321632b2"	"D_0__Bacteria"	"0.9663417491242736"
"1b8b61a19df999717c516758f57e1174"	"D_0__Bacteria"	"0.9564654499321165"
"1bc7d1ac47a4fef5a03dee5c220ff66c"	"D_0__Bacteria;D_1__Proteobacteria;D_2__Gammaproteobacteria;D_3__Pseudomonadales;D_4__Pseudomonadaceae;D_5__Pseudomonas"	"0.9787974794250327"
"1cb384fa04f44827dae3967aad0121f7"	"D_0__Bacteria;D_1__Proteobacteria;D_2__Gammaproteobacteria;D_3__Pseudomonadales;D_4__Moraxellaceae;D_5__Acinetobacter"	"0.9367699676584119"
"1d2c9a5356f85388eca5d31095aefcc2"	"D_0__Bacteria"	"0.9633622360249582"
"1d3660abd4c0bd44d4ba76cba5539719"	"D_0__Bacteria"	"0.9572941394466191"
"1e1926711b220e741b9580deab7cf15e"	"D_0__Bacteria"	"0.9629359306904421"
"1e6b04c5353982aa81160d2ed3571531"	"D_0__Bacteria;D_1__Proteobacteria;D_2__Betaproteobacteria;D_3__Burkholderiales;D_4__Oxalobacteraceae"	"0.9565821945385904"
"1e7e3f7582935800970be3fc05e9bdbd"	"D_0__Bacteria;D_1__Proteobacteria;D_2__Betaproteobacteria;D_3__Burkholderiales;D_4__Comamonadaceae"	"0.9897766236966704"
"1f0bc39098cb08f14aae1e3fe04ca53f"	"D_0__Bacteria;D_1__Proteobacteria;D_2__Alphaproteobacteria;D_3__Sphingomonadales;D_4__Sphingomonadaceae"	"0.761221468957949"
"1f436b765e31d7151b77f9b1f8a1f9d6"	"D_0__Bacteria"	"0.9635165574524598"
"1f55ea6808f3be76cba9c9a7c35ef248"	"D_0__Bacteria;D_1__Actinobacteria;D_2__Actinobacteria;D_3__Corynebacteriales;D_4__Corynebacteriaceae;D_5__Corynebacterium 1"	"0.725688219476866"
"1f9e2e00ff81324571a116d5409318bf"	"D_0__Bacteria;D_1__Firmicutes;D_2__Bacilli;D_3__Lactobacillales;D_4__Streptococcaceae;D_5__Streptococcus"	"0.9868904662467383"
"2055a7c9529ed39a759633d04f832a76"	"Unassigned"	"0.9487086727136685"
"2104c19e08bffc8849e8329607bb9c36"	"D_0__Bacteria"	"0.9601590105008615"
"21052d0acbc6c3a017d29b4e3daabd6d"	"D_0__Bacteria"	"0.9456717188092096"
"2129b016488e11fb58ffa3d4b5a07744"	"D_0__Bacteria"	"0.9731856097646804"
"222e14ab3678eeca07170a6b567f04f8"	"D_0__Bacteria"	"0.9482688004255942"
"22dc219483077bdef6df46b0692ecd5b"	"D_0__Bacteria;D_1__Firmicutes;D_2__Bacilli;D_3__Lactobacillales;D_4__Lactobacillaceae;D_5__Lactobacillus;D_6__Lactobacillus brevis;D_7__;D_8__;D_9__;D_10__;D_11__;D_12__;D_13__;D_14__"	"0.7068597941294076"
"22e4ebe0f3ca5e5148481d1152c3fa2f"	"D_0__Bacteria;D_1__Saccharibacteria;D_2__Candidatus Saccharibacteria bacterium UB2523;D_3__;D_4__;D_5__;D_6__;D_7__;D_8__;D_9__;D_10__;D_11__;D_12__;D_13__;D_14__"	"0.849880561332815"
"2302f64db04c8a5a471560c5e13bf0d3"	"D_0__Bacteria"	"0.9344048426511288"
"23c13e5c42a0d20c7d1cbc6fe0f7fa00"	"D_0__Bacteria;D_1__Firmicutes;D_2__Bacilli;D_3__Bacillales;D_4__Staphylococcaceae;D_5__Staphylococcus"	"0.7916733850297183"
"2415eb7fc47731899aa40848e81b86a7"	"D_0__Bacteria;D_1__Proteobacteria;D_2__Alphaproteobacteria;D_3__Sphingomonadales"	"0.9993947035342781"
"259b82167ca3d440ee7ee0f77b918d80"	"D_0__Bacteria"	"0.957012123991712"
"25a6e8a25385633cf8dccaa0c44b1754"	"D_0__Bacteria"	"0.9627494557899862"
"2650e66c05e769ed86ea06db2ebccbbc"	"D_0__Bacteria;D_1__Proteobacteria;D_2__Gammaproteobacteria;D_3__Pseudomonadales;D_4__Moraxellaceae;D_5__Acinetobacter"	"0.990201640455484"
"26d301bbc8e00aa5046753336bff1090"	"D_0__Bacteria"	"0.9433422246839966"
"2715bf422e1c98e2f4e4dae4067c8947"	"D_0__Bacteria"	"0.9412609219130238"
"27a463c956cec8f6c0151e9ebdd02d36"	"D_0__Bacteria"	"0.9657218379443275"
"27f59ca88c2c09b46d8722fb15aa1e5d"	"D_0__Bacteria;D_1__Bacteroidetes;D_2__Flavobacteriia;D_3__Flavobacteriales;D_4__Flavobacteriaceae"	"0.9792509631249481"
"283da66094f7477e7570ee177fbedc7d"	"D_0__Bacteria"	"0.9682572182023232"
"28b6eb9c20baadadf74a984badac5716"	"Unassigned"	"0.9469895207668259"
"29279e60f08b63f46649a425a32ce800"	"D_0__Bacteria"	"0.9535806302740782"
"29aef6d2129b49f12f15f53ec458165a"	"D_0__Bacteria"	"0.9561503186001884"
"2a168049d4f4d1b44c41d2bc71d028c4"	"D_0__Bacteria"	"0.9346909424061285"
"2a486cc3c7d6e28f527e47c4d02ebe40"	"D_0__Bacteria"	"0.960041099556636"
"2a505c683cc3f88a1cb17c99a6c7fc1f"	"D_0__Bacteria;D_1__Firmicutes;D_2__Bacilli;D_3__Bacillales;D_4__Staphylococcaceae;D_5__Staphylococcus;Ambiguous_taxa;D_7__;D_8__;D_9__;D_10__;D_11__;D_12__;D_13__;D_14__"	"0.7711135991263663"
"2a6519fcf910ef92c93b602987420d74"	"D_0__Bacteria;D_1__Firmicutes;D_2__Bacilli;D_3__Lactobacillales;D_4__Lactobacillaceae;D_5__Lactobacillus"	"0.9812209352680725"
"2aa4065da350414d209d4470be3a7164"	"D_0__Bacteria"	"0.9672378931615768"
"2ab5219b61ba095612736151e9ae5f7d"	"D_0__Bacteria"	"0.9736997903294151"
"2b234f33fc44075161fc8be80fb87faa"	"D_0__Bacteria;D_1__Proteobacteria;D_2__Gammaproteobacteria;D_3__Pseudomonadales;D_4__Moraxellaceae;D_5__Acinetobacter"	"0.9981269801725593"
"2b945180b32973b540d5e9663d800051"	"D_0__Bacteria"	"0.9483620581604374"
"2c484673e065a0d78f3ccf227bfe4b1f"	"Unassigned"	"0.9423907731511914"
"2caaacf80d6f86f3c7ab88906a12bf3e"	"D_0__Bacteria"	"0.9483575101505137"
"2cb918624b64a0f450864feb5ef39a1c"	"D_0__Bacteria"	"0.9501927410394478"
"2cf5780a014927c2b5aefa472f581ec9"	"D_0__Bacteria;D_1__Proteobacteria;D_2__Alphaproteobacteria;D_3__Rhodospirillales;D_4__Acetobacteraceae;D_5__Acetobacter;Ambiguous_taxa;D_7__;D_8__;D_9__;D_10__;D_11__;D_12__;D_13__;D_14__"	"0.8970661647752801"
"2d2f77a9de17a6df952846c0dccb1ff2"	"D_0__Bacteria"	"0.9710918339756776"
"2d474876d2f2891336cb09185d696632"	"D_0__Bacteria"	"0.9620336054522456"
"2d7fa6f57bc83f70b0fe63cee7382337"	"D_0__Bacteria"	"0.963456872384225"
"2dade1467dea363234e432e419df7aeb"	"D_0__Bacteria"	"0.9786270836867597"
"2e96a0edb84944becf485c60b2a94149"	"Unassigned"	"0.9314951333806045"
"2ebee853a000524175b63f6ec7381381"	"D_0__Bacteria"	"0.9352994650563061"
"2ee205af10c92057b0fa979b85ef79ce"	"D_0__Bacteria"	"0.9651756338312478"
"2f6ec44a33be8ef43f590ec94bdec416"	"D_0__Bacteria;D_1__Firmicutes;D_2__Bacilli;D_3__Bacillales;D_4__Staphylococcaceae;D_5__Staphylococcus"	"0.9912502539605519"
"2f8d4b80d2ef6033cba491a62986abcb"	"D_0__Bacteria;D_1__Proteobacteria;D_2__Gammaproteobacteria;D_3__Pseudomonadales;D_4__Moraxellaceae;D_5__Enhydrobacter;D_6__uncultured bacterium;D_7__;D_8__;D_9__;D_10__;D_11__;D_12__;D_13__;D_14__"	"0.9719820761371903"
"2fbdbe5328f3d67cbf38aeca0182bf34"	"D_0__Bacteria"	"0.9997000882643425"
"2fe9dd2deed5b916c096f92804966ba3"	"D_0__Bacteria"	"0.9619078025784793"
"300f33d7db4e826af2d47ded5a732fcb"	"D_0__Bacteria"	"0.9487043835825805"
"305df4abf02abb697eaf4bc88668f7bf"	"D_0__Bacteria"	"0.9595013233352717"
"3092c25385e027b3c9d364fa056d836d"	"D_0__Bacteria"	"0.968901477697122"
"30f2e6bbe38f3a12f4ce927156523832"	"D_0__Bacteria"	"0.9403370986885461"
"30fa507a17470b5912ae0321292d6849"	"D_0__Bacteria;D_1__Proteobacteria;D_2__Alphaproteobacteria;D_3__Rhizobiales;D_4__Bradyrhizobiaceae"	"0.9723515795593013"
"32f740abf56ba9be45b193136ec82ba3"	"Unassigned"	"0.9243162473960993"
"335e1bc9156dd0c405889fc5c989407e"	"D_0__Bacteria"	"0.9544306187701033"
"33a86e49b14b55c3cb4b23c1baf02d81"	"D_0__Bacteria"	"0.9483311406290311"
"340d7d69e109a94a160415eeeb92ec64"	"D_0__Bacteria"	"0.9583852921382082"
"3411f0860e8e37277e8ff7d546337c3f"	"D_0__Bacteria;D_1__Proteobacteria;D_2__Alphaproteobacteria;D_3__Rhodospirillales;D_4__Acetobacteraceae"	"0.8067873437754329"
"3510773a90a2623a16359100fcd4bb06"	"D_0__Bacteria"	"0.9638671922354881"
"3522f865a13250fb9ae82ab349215e42"	"D_0__Bacteria;D_1__Proteobacteria;D_2__Alphaproteobacteria;D_3__Rhodospirillales;D_4__Acetobacteraceae;D_5__Acetobacter;Ambiguous_taxa;D_7__;D_8__;D_9__;D_10__;D_11__;D_12__;D_13__;D_14__"	"0.9617039695569733"
"369b7252d984090787d676f8e6b7c13c"	"D_0__Bacteria;D_1__Firmicutes;D_2__Bacilli;D_3__Bacillales;D_4__Staphylococcaceae;D_5__Staphylococcus"	"0.9923509766176897"
"369c5d2d0be8473d690dce59d4cc7f12"	"D_0__Bacteria"	"0.9647627822759538"
"36f92678e048b473783f5a638f41769c"	"D_0__Bacteria;D_1__Proteobacteria;D_2__Alphaproteobacteria;D_3__Rhodospirillales;D_4__Acetobacteraceae;D_5__Acetobacter;Ambiguous_taxa;D_7__;D_8__;D_9__;D_10__;D_11__;D_12__;D_13__;D_14__"	"0.9806807608354658"
"37394e587de3bb14b07bd95c8a7828ec"	"D_0__Bacteria"	"0.9547632104271433"
"3751433b50e646404a57481386c0f67e"	"D_0__Bacteria"	"0.9640906446004459"
"37d1cd8011e75115ae32119254132bca"	"D_0__Bacteria;D_1__Proteobacteria;D_2__Gammaproteobacteria;D_3__Pseudomonadales;D_4__Pseudomonadaceae;D_5__Pseudomonas;D_6__Pseudomonas koreensis;D_7__;D_8__;D_9__;D_10__;D_11__;D_12__;D_13__;D_14__"	"0.7355989801872235"
"38eefee4a139e43ad359f0b41606715c"	"D_0__Bacteria"	"0.9562055651520606"
"38fa9d671c53f22a58682f8125cf7b7a"	"D_0__Bacteria;D_1__Proteobacteria;D_2__Deltaproteobacteria;D_3__Desulfovibrionales;D_4__Desulfovibrionaceae;D_5__Desulfovibrio"	"0.7245982081001011"
"393cdf615d696cda8fdc9936685e4862"	"D_0__Bacteria"	"0.9709641886703898"
"3989855c8a924bf3e182182e743099fb"	"D_0__Bacteria;D_1__Proteobacteria;D_2__Alphaproteobacteria;D_3__Rhodospirillales;D_4__Acetobacteraceae"	"0.9629138645949011"
"39d2f387e12734561d9fbd7ee4319583"	"D_0__Bacteria"	"0.9692141612196313"
"3b4673bd2141d5ce0ac87fbee9a1c6ba"	"D_0__Bacteria;D_1__Firmicutes;D_2__Bacilli;D_3__Lactobacillales;D_4__Lactobacillaceae;D_5__Lactobacillus;D_6__Lactobacillus brevis;D_7__;D_8__;D_9__;D_10__;D_11__;D_12__;D_13__;D_14__"	"0.9255776708914214"
"3b8100c0d6e5c5f9f0fa785037dd9c6d"	"Unassigned"	"0.9556848464924927"
"3c2de3919e493ddf28f4548f328b0cb3"	"D_0__Bacteria;D_1__Proteobacteria;D_2__Gammaproteobacteria;D_3__Pseudomonadales;D_4__Pseudomonadaceae;D_5__Pseudomonas"	"0.9756041621420207"
"3d94f527276a4fdd7bf3ebb44e122fea"	"D_0__Bacteria"	"0.9670973702158974"
"3e1012a606d18aa4abb7fdd6f5ab6d36"	"D_0__Bacteria;D_1__Firmicutes;D_2__Bacilli;D_3__Lactobacillales;D_4__Lactobacillaceae;D_5__Lactobacillus"	"0.8266670069539489"
"3ebcf1f32fdd0f37d65808f23ad69b40"	"D_0__Bacteria"	"0.9776543581453533"
"3ecbd2bb00cb3a31dc1713d28c408a4e"	"Unassigned"	"0.9513316809356704"
"3f39ebb79d7e65d77dddfc89ed6d4ac1"	"D_0__Bacteria"	"0.9475243657108217"
"3f614e4e6d091913f0cecedc3243615e"	"D_0__Bacteria"	"0.9568562434196245"
"40983e0ae2cad4abf2cce37e0ae686b9"	"D_0__Bacteria;D_1__Proteobacteria;D_2__Alphaproteobacteria;D_3__Rickettsiales"	"0.7999736512818708"
"40a3a3887adf1e5b88419462fbba5a0b"	"D_0__Bacteria"	"0.9703941862114458"
"4125cd9e42e12ac9934b6d52c165554a"	"D_0__Bacteria;D_1__Firmicutes;D_2__Bacilli;D_3__Bacillales;D_4__Staphylococcaceae;D_5__Staphylococcus"	"0.9958765190264662"
"415a95671a7edab64e5538349ba70e63"	"D_0__Bacteria"	"0.9500042383336107"
"419b2f118df60c600405ce9f74e0f5c1"	"D_0__Bacteria"	"0.9578741223813814"
"41a45aa28f9ee647dcd4b40fb5237e15"	"D_0__Bacteria"	"0.9614297345519007"
"43d5d74164a5926208ef124c9e6cfa79"	"D_0__Bacteria"	"0.9961316014374356"
"43f315370d1f2dcd78ea125c58fc4c6f"	"D_0__Bacteria;D_1__Proteobacteria;D_2__Gammaproteobacteria;D_3__Xanthomonadales;D_4__Xanthomonadaceae"	"0.999299181999301"
"455d25118e49a8c82e25af39574b3da7"	"D_0__Bacteria;D_1__Proteobacteria;D_2__Alphaproteobacteria;D_3__Rhizobiales"	"0.997298451240912"
"45716a0c13f360b157997cfc3f87fdab"	"D_0__Bacteria"	"0.9529304441410236"
"45b632473e1c62213626e7d05b3e8bbf"	"D_0__Bacteria"	"0.9746554663731427"
"461218dcb41baab958443ce7d45adbfa"	"D_0__Bacteria"	"0.9535240200792664"
"462cc8e84a512168ab7f9d1ca49be356"	"D_0__Bacteria"	"0.9622117512696081"
"463c9603b8beafa36954d481ed31aef1"	"D_0__Bacteria;D_1__Proteobacteria;D_2__Alphaproteobacteria;D_3__Rhodospirillales;D_4__Acetobacteraceae"	"0.9970150208566022"
"46d68d285c37bb9e5a9861656c9d165a"	"D_0__Bacteria;D_1__Actinobacteria;D_2__Actinobacteria"	"0.9981817754627024"
"46d866c5c1bdd89200e1867baf5567db"	"D_0__Bacteria;D_1__Proteobacteria;D_2__Gammaproteobacteria;D_3__Pseudomonadales;D_4__Moraxellaceae;D_5__Acinetobacter"	"0.9460062975663325"
"47736526be853ad9bcef763091e72104"	"D_0__Bacteria"	"0.9528078387978476"
"4794e0b5203fd2e166018d7c7ddd3bd9"	"D_0__Bacteria;D_1__Proteobacteria;D_2__Gammaproteobacteria;D_3__Pseudomonadales;D_4__Pseudomonadaceae;D_5__Pseudomonas"	"0.9828017127108984"
"48cfc542ba478a3cb618ce5943711220"	"D_0__Bacteria"	"0.9584456500750147"
"48d9897b3b75fce198abccecde4e3452"	"D_0__Bacteria"	"0.9704986533662429"
"48f8fe69b4fda3364f9a9688351e94d2"	"D_0__Bacteria;D_1__Proteobacteria;D_2__Betaproteobacteria;D_3__Burkholderiales;D_4__Comamonadaceae"	"0.988849011946991"
"49201677aae62e0584ca258bf368bd1c"	"D_0__Bacteria"	"0.9405943856190216"
"4a549c2aff07288ed3b8a05cbea728bb"	"Unassigned"	"0.939804706956031"
"4adb142e8b7644f0b415164f24f61dde"	"D_0__Bacteria"	"0.955692755437562"
"4b5b659217633db01ed3316c0c44fad6"	"D_0__Bacteria"	"0.9475962656806372"
"4b8d5f309181e3921d3ca71c46f75bba"	"D_0__Bacteria"	"0.9606646274307356"
"4ba836c2b57dd9286be65ce76f5928b6"	"D_0__Bacteria;D_1__Actinobacteria;D_2__Actinobacteria;D_3__Corynebacteriales;D_4__Corynebacteriaceae;D_5__Corynebacterium 1;Ambiguous_taxa;D_7__;D_8__;D_9__;D_10__;D_11__;D_12__;D_13__;D_14__"	"0.7864183170087077"
"4bd2fab0e108554831fa8f6ced3d24bd"	"D_0__Bacteria"	"0.9696089919373948"
"4c16f4361f76da0316a22e1d84d26758"	"D_0__Bacteria;D_1__Actinobacteria;D_2__Actinobacteria;D_3__Propionibacteriales;D_4__Propionibacteriaceae;D_5__Propionibacterium"	"0.9603131838763683"
"4ca94ec31a325962e18c985b41b8a85e"	"D_0__Bacteria"	"0.9651320749044334"
"4cf031ed9c071488f1da6990e00fa9b8"	"D_0__Bacteria"	"0.9633257261821623"
"4cf06bc54b28874e59d3eb46481c8e16"	"D_0__Bacteria;D_1__Proteobacteria;D_2__Gammaproteobacteria;D_3__Pseudomonadales;D_4__Pseudomonadaceae;D_5__Pseudomonas"	"0.9770227383852855"
"4d722cecefe92a972a667eb6d2b0019e"	"D_0__Bacteria;D_1__Proteobacteria;D_2__Alphaproteobacteria;D_3__Rhodospirillales;D_4__Acetobacteraceae;D_5__Acetobacter;Ambiguous_taxa;D_7__;D_8__;D_9__;D_10__;D_11__;D_12__;D_13__;D_14__"	"0.7027569247206668"
"4d7de92024f912347932aadac663d871"	"D_0__Bacteria"	"0.9721518507304383"
"4d87e650489a388533278aaa1a26e6d9"	"D_0__Bacteria"	"0.9610683645243566"
"4da602cda2769801c73b21b0fca8ee1d"	"D_0__Bacteria"	"0.9640976132303215"
"4e5b39e4e5aaa83346bc15477efd18db"	"D_0__Bacteria;D_1__Proteobacteria;D_2__Gammaproteobacteria;D_3__Pseudomonadales;D_4__Moraxellaceae;D_5__Acinetobacter"	"0.99744635411934"
"4e9cd6cc68803cec883021df154bd9af"	"D_0__Bacteria"	"0.9524686287595588"
"4f0592ca656a2f2244123d58add04c06"	"D_0__Bacteria;D_1__Acidobacteria;D_2__Blastocatellia;D_3__Blastocatellales;D_4__Blastocatellaceae (Subgroup 4);D_5__uncultured"	"0.901486512379678"
"4f40e64f3cfc89e94caba8b72fabae66"	"D_0__Bacteria"	"0.936221624406005"
"4f8504b1b469d3d4b0d9cd9d81f6a596"	"D_0__Bacteria"	"0.9599993219929891"
"4f8cf97ad128337d6c0481d0d6b5d7c4"	"D_0__Bacteria;D_1__Proteobacteria"	"0.9994104745544518"
"50c96222edf396a5bfed0166626df5b2"	"D_0__Bacteria;D_1__Firmicutes;D_2__Bacilli;D_3__Bacillales;D_4__Staphylococcaceae;D_5__Staphylococcus"	"0.9972853851884599"
"50ffeb85f83c23ea4a24d44ac6703b6c"	"D_0__Bacteria;D_1__Proteobacteria;D_2__Gammaproteobacteria;D_3__Enterobacteriales;D_4__Enterobacteriaceae"	"0.9996688734896393"
"51fc22b7dab5c5c8c83976354fa2e7ac"	"D_0__Bacteria;D_1__Proteobacteria;D_2__Alphaproteobacteria;D_3__Rhodospirillales;D_4__Acetobacteraceae"	"0.9662207937322096"
"520b0895c7e8e69f898cdb57eb59b8f7"	"D_0__Bacteria;D_1__Proteobacteria;D_2__Alphaproteobacteria;D_3__Rhodospirillales;D_4__Acetobacteraceae"	"0.9689893816872661"
"520feee3cb8f3fef72b6e8b342901634"	"D_0__Bacteria"	"0.9742588697472027"
"523c018eb06493269be660e6ea4b797a"	"Unassigned"	"0.9292639816966719"
"52d29aabc10f4ba2c6f456246a0ae92a"	"D_0__Bacteria;D_1__Proteobacteria;D_2__Alphaproteobacteria;D_3__Rhodospirillales;D_4__Acetobacteraceae"	"0.9179698441112762"
"52ed05feea9972228a5d070b19e6f4c3"	"D_0__Bacteria"	"0.9686414924840413"
"52f878afe367f78b434c1a81e9bffe1b"	"D_0__Bacteria;D_1__Firmicutes;D_2__Bacilli;D_3__Bacillales;D_4__Staphylococcaceae;D_5__Staphylococcus"	"0.7872104236154537"
"532c21406d7c54f6b0404d66b6d966a9"	"D_0__Bacteria;D_1__Proteobacteria;D_2__Alphaproteobacteria;D_3__Rhodospirillales;D_4__Acetobacteraceae"	"0.9734781047678579"
"534ac56525b04d2861849eace01d9525"	"D_0__Bacteria;D_1__Proteobacteria;D_2__Alphaproteobacteria;D_3__Rhodospirillales;D_4__Acetobacteraceae"	"0.9631875199747175"
"5398ba5822c34858d3999ac9525c2f3a"	"D_0__Bacteria"	"0.9703678665157502"
"53cd2c4237fdd302bba8d64dd0fd0629"	"D_0__Bacteria"	"0.9721140041911368"
"54ea1c6ff6e3d7ac0a0e512f253fc9e6"	"D_0__Bacteria"	"0.9564960227458047"
"54f0d22e60ac26b58c06de3fb6d137c4"	"D_0__Bacteria;D_1__Firmicutes;D_2__Bacilli;D_3__Bacillales;D_4__Staphylococcaceae;D_5__Staphylococcus"	"0.9895008860260587"
"57cb32882b4fabc801e0c18112f5cfec"	"D_0__Bacteria"	"0.9683944623260284"
"5804f0774c7f31f9b8ab984e95f6413c"	"D_0__Bacteria"	"0.964431505248747"
"58aa1367bc888129b9bd1bbb85195d06"	"D_0__Bacteria"	"0.9719618159290313"
"5936e10f0fc879d9e537e439ddf455cf"	"D_0__Bacteria"	"0.9497565795039763"
"593cfade40f415851156271b6aa8f175"	"D_0__Bacteria;D_1__Proteobacteria;D_2__Alphaproteobacteria;D_3__Rhodospirillales;D_4__Acetobacteraceae"	"0.9974089737656986"
"5941905dca5526c18bb22061de227266"	"D_0__Bacteria"	"0.975534615595441"
"5b3a8ffeed018d279c38505129abd5fd"	"D_0__Bacteria;D_1__Proteobacteria;D_2__Alphaproteobacteria;D_3__Rhizobiales;D_4__Bradyrhizobiaceae"	"0.7239388536867165"
"5bd216f086ac372f6c7ea493f429051e"	"D_0__Bacteria;D_1__Firmicutes;D_2__Clostridia;D_3__Clostridiales;D_4__Family XI"	"0.99491965539952"
"5c078b9bdac6b8fd73c2eeda26675455"	"D_0__Bacteria"	"0.9533446368010668"
"5cffec0694c20ff4383672066bbb8bb3"	"D_0__Bacteria"	"0.9611171899884341"
"5d4316d7117e78f050f14ec213f5841e"	"D_0__Bacteria"	"0.9390545187189475"
"5dd2267ea2b57d95144c119a890d0cf7"	"D_0__Bacteria"	"0.9385958094512197"
"5e119273d30b235dd14454c7a3d57f00"	"D_0__Bacteria"	"0.9614232288869415"
"5ed378a96338ad38f8ae281027a12929"	"D_0__Bacteria"	"0.9481510035718252"
"5f5de54ac250713b4affb325b89eee1c"	"D_0__Bacteria"	"0.9567000739668826"
"6012605abede608110aa60e12695d5a3"	"D_0__Bacteria;D_1__Proteobacteria;D_2__Alphaproteobacteria;D_3__Rhizobiales;D_4__Rhizobiaceae;D_5__Rhizobium"	"0.765865882293449"
"60e043c6b2e039aad71b62906c4469e2"	"D_0__Bacteria"	"0.9631825591822385"
"62392ed2c681700f1acfa90af8db610c"	"D_0__Bacteria"	"0.9772624859180344"
"63e889ef0d3c3b27d467debc227d5ae5"	"Unassigned"	"0.9274287244705735"
"65c8f38266ec1a5ea7f3f30722847a35"	"D_0__Bacteria"	"0.9467246383571557"
"66a60bc6ee135cd43168aba54671688f"	"D_0__Bacteria"	"0.9604594031029954"
"66e9beb00b7becb97743a515dbb9a83e"	"D_0__Bacteria"	"0.96211559356698"
"66f70a2de625481cbd0eff2d60be96bb"	"D_0__Bacteria"	"0.957436310654801"
"67674c668f28cfe93251e3ade85c7243"	"D_0__Bacteria"	"0.930983597860219"
"67c3c9e65cd6e475c1ac0dd33f7bf27b"	"D_0__Bacteria"	"0.9499623232588925"
"691d7df88963a6ac844b67e2d0059c44"	"D_0__Bacteria"	"0.969652274797874"
"695dc6001f7b18f041f08808f19c4f2c"	"D_0__Bacteria"	"0.9511805329110294"
"69afc608866d98e51a480eb2cc40a776"	"D_0__Bacteria"	"0.9717329819307003"
"6aba233ac8d19b229b0b66cc19291aac"	"D_0__Bacteria"	"0.9651092925043685"
"6abc5fb933115cc01c0023aa09a56c67"	"D_0__Bacteria"	"0.9420193033235836"
"6ad7636ffe2d687d2d2c967731c85275"	"D_0__Bacteria"	"0.9629525116439381"
"6addaaf9b4108b13aa4d847e4e3311ea"	"D_0__Bacteria"	"0.9603673717935238"
"6ade3061500f53cd10ddca7867c96734"	"D_0__Bacteria;D_1__Actinobacteria;D_2__Actinobacteria;D_3__Micrococcales;D_4__Microbacteriaceae;D_5__Microbacterium"	"0.7791787666520521"
"6b5f56e02ec69afaaefa21db109256a5"	"D_0__Bacteria;D_1__Proteobacteria;D_2__Alphaproteobacteria;D_3__Sphingomonadales;D_4__Sphingomonadaceae"	"0.7329248788080059"
"6ba5b95f230f9383dceb6eeb819a97ed"	"D_0__Bacteria"	"0.9492192011737643"
"6bc2f6100e8e01c38c0a0794226c0c35"	"D_0__Bacteria;D_1__Proteobacteria;D_2__Betaproteobacteria;D_3__Burkholderiales;D_4__Comamonadaceae;D_5__Variovorax"	"0.7986445289406869"
"6c97defabf33ca153fe0a8d89169b1db"	"D_0__Bacteria;D_1__Proteobacteria;D_2__Alphaproteobacteria;D_3__Rhodospirillales;D_4__Acetobacteraceae;D_5__Acetobacter;Ambiguous_taxa;D_7__;D_8__;D_9__;D_10__;D_11__;D_12__;D_13__;D_14__"	"0.9141371312909476"
"6d9592ec6f4260dd952597bf860ed626"	"D_0__Bacteria"	"0.9531758423923022"
"6e85901dd2e1836495031c13eee60be9"	"D_0__Bacteria"	"0.9365339480513045"
"6edcb8850a69a7db733a6de73ce55e9c"	"D_0__Bacteria"	"0.956403812760386"
"6ee11fefe489d8ec5bee72c413a48bd4"	"D_0__Bacteria"	"0.947821133205518"
"6f71fa91df22551812a5a5b3e60328e0"	"D_0__Bacteria"	"0.9570654613534945"
"6f84448b95ea7fb8f5479eabd35db5fa"	"D_0__Bacteria;D_1__Proteobacteria;D_2__Gammaproteobacteria;D_3__Pseudomonadales;D_4__Pseudomonadaceae;D_5__Pseudomonas"	"0.9861600356203679"
"723cc7909e9c55bdbb324bd7b5328f0e"	"Unassigned"	"0.9285337064777435"
"733e91026b77e8ee13af1d58e98a820c"	"D_0__Bacteria"	"0.9591273126406354"
"73a65922267973279f856a25a2333f85"	"D_0__Bacteria"	"0.9480504797253277"
"7549a387a78ba679e6a4f2c29f642855"	"D_0__Bacteria"	"0.9481752035256115"
"766cf2a19d0de3069d3a1e59f6914e9b"	"Unassigned"	"0.913467252881277"
"76a2c0ad50cbb0794079e540e525b586"	"D_0__Bacteria"	"0.9720703552516513"
"77ee7bc2683e1c5a5cb9a00461fd7628"	"D_0__Bacteria;D_1__Firmicutes;D_2__Bacilli;D_3__Bacillales;D_4__Staphylococcaceae;D_5__Staphylococcus"	"0.9726701071763297"
"7851ec9f2a6cc3487022de47a777d94e"	"D_0__Bacteria"	"0.9635069897746079"
"78573b6fbb3e06309c72e4afad542898"	"D_0__Bacteria"	"0.9688919107984026"
"785fe2450135ee024618c3e4f734c92f"	"D_0__Bacteria;D_1__Proteobacteria;D_2__Alphaproteobacteria;D_3__Rhodospirillales;D_4__Acetobacteraceae;D_5__Acetobacter;Ambiguous_taxa;D_7__;D_8__;D_9__;D_10__;D_11__;D_12__;D_13__;D_14__"	"0.9941196745017946"
"788a3f3ad19adb12b52c0da3bfd0e408"	"D_0__Bacteria"	"0.9555621121903178"
"78bbab75ac9e4500785fe499a461920c"	"D_0__Bacteria"	"0.9518509462443994"
"7a49eeaee46044326d12b31ccd187c9d"	"D_0__Bacteria"	"0.9677493669341325"
"7b1cb1ca1c77ffe875a27dce73a693af"	"D_0__Bacteria;D_1__Proteobacteria;D_2__Alphaproteobacteria;D_3__Rhodospirillales;D_4__Acetobacteraceae;D_5__Acetobacter"	"0.7863083913218962"
"7d1175d19099ce993884e52425c92eaf"	"D_0__Bacteria"	"0.9578887556832427"
"7d7795e039c9ac9e24a8885cb32955ca"	"D_0__Bacteria;D_1__Actinobacteria;D_2__Actinobacteria;D_3__Micrococcales;D_4__Brevibacteriaceae;D_5__Brevibacterium;Ambiguous_taxa;D_7__;D_8__;D_9__;D_10__;D_11__;D_12__;D_13__;D_14__"	"0.7325079024647675"
"7eb1df4a0a4af4d89aa9c5d5bf827444"	"D_0__Bacteria;D_1__Actinobacteria;D_2__Actinobacteria;D_3__Micrococcales;D_4__Microbacteriaceae;D_5__Microbacterium"	"0.7778790804233007"
"7ef5aa4a239d5ac3b08bfcd3d60cb60c"	"D_0__Bacteria;D_1__Proteobacteria;D_2__Alphaproteobacteria;D_3__Rhizobiales;D_4__Phyllobacteriaceae"	"0.8516170465885481"
"7f5ebe33883b262094100f379e12f711"	"D_0__Bacteria"	"0.9543807315788253"
"802547545e68bfb764fb7e3a66d71374"	"D_0__Bacteria;D_1__Proteobacteria;D_2__Gammaproteobacteria;D_3__Pseudomonadales;D_4__Pseudomonadaceae;D_5__Pseudomonas"	"0.9947812138527697"
"8070fb6a6dc8a44030d472708585cdb8"	"D_0__Bacteria"	"0.9583747099122683"
"8093b07ff9f904a6d8cd67445185619b"	"Unassigned"	"0.9365882708894389"
"80ada7d65892b11f0f491b4fdd140dd9"	"D_0__Bacteria"	"0.9599325964884123"
"819020d8b343004d69e5f22826b8f1ee"	"D_0__Bacteria"	"0.9471654204777215"
"81a21a40d59b517206f8ad6b941f9799"	"D_0__Bacteria;D_1__Firmicutes;D_2__Bacilli;D_3__Bacillales;D_4__Staphylococcaceae;D_5__Staphylococcus"	"0.9195241669047571"
"828165d0fe0236f6563623d78220b384"	"D_0__Bacteria;D_1__Proteobacteria;D_2__Betaproteobacteria;D_3__Burkholderiales;D_4__Oxalobacteraceae"	"0.990507315022492"
"82a590792bb28943e234eec7d37ffafe"	"D_0__Bacteria;D_1__Firmicutes;D_2__Bacilli;D_3__Lactobacillales;D_4__Enterococcaceae;D_5__Enterococcus;D_6__Enterococcus faecalis;D_7__;D_8__;D_9__;D_10__;D_11__;D_12__;D_13__;D_14__"	"0.7723515455943942"
"8301a5d2066393d7a3488755ef5e76fb"	"D_0__Bacteria;D_1__Firmicutes;D_2__Bacilli;D_3__Bacillales;D_4__Staphylococcaceae;D_5__Staphylococcus"	"0.9938615718292673"
"831ecb17ab35adbbdb728d24786d7f61"	"Unassigned"	"0.9359587253569055"
"832b6fa1809283133d08e0fb81b8571b"	"Unassigned"	"0.9496702947801354"
"83cdc0946697b37ea1cb7f413af082dc"	"D_0__Bacteria;D_1__Cyanobacteria;D_2__Chloroplast"	"0.9986237738912893"
"848f709f45cbe563093ae78952f076c6"	"D_0__Bacteria;D_1__Bacteroidetes;D_2__Flavobacteriia;D_3__Flavobacteriales;D_4__Flavobacteriaceae;D_5__Cloacibacterium;D_6__uncultured bacterium;D_7__;D_8__;D_9__;D_10__;D_11__;D_12__;D_13__;D_14__"	"0.8561462530351844"
"85c23263a2593219b18ecd01c3dda869"	"D_0__Bacteria"	"0.974393067410202"
"860b8b3d0e29cf61e02fe5a81c8983d4"	"D_0__Bacteria"	"0.9536830796644954"
"86499aa06c245eaa0354aed00f9091bb"	"D_0__Bacteria"	"0.9526673982276632"
"86b42b72c2b63182f391f161e30109f4"	"D_0__Bacteria"	"0.9585444160942623"
"87971ab26b34334e8a63f44cf91f48df"	"D_0__Bacteria;D_1__Proteobacteria;D_2__Alphaproteobacteria;D_3__Rhodospirillales;D_4__Acetobacteraceae;D_5__Acetobacter;Ambiguous_taxa;D_7__;D_8__;D_9__;D_10__;D_11__;D_12__;D_13__;D_14__"	"0.9549222949018337"
"87c2555a740466cff8855194a7e33370"	"D_0__Bacteria"	"0.9803760616602024"
"888cc4cf2d147f613ad373b51110d746"	"D_0__Bacteria"	"0.9487126650630949"
"88b0734fc3844c1b953ef41dc48efc02"	"D_0__Bacteria"	"0.9685466344215538"
"8a14c2208f106f0856ac3f447ad5a576"	"Unassigned"	"0.9188370854997552"
"8a57c479ab3ae815ae109ed44a8a1421"	"D_0__Bacteria;D_1__Proteobacteria;D_2__Alphaproteobacteria;D_3__Rhodospirillales;D_4__Acetobacteraceae;D_5__Acetobacter;Ambiguous_taxa;D_7__;D_8__;D_9__;D_10__;D_11__;D_12__;D_13__;D_14__"	"0.961715929075774"
"8a6363a7b749db28654c935ef54c7639"	"D_0__Bacteria"	"0.9666298800080481"
"8aca73a69816021ceba724e5f6a88905"	"D_0__Bacteria;D_1__Proteobacteria;D_2__Gammaproteobacteria;D_3__Pseudomonadales;D_4__Moraxellaceae;D_5__Acinetobacter"	"0.9493626726018385"
"8c504ac48370f66647f75d9d588148b2"	"D_0__Bacteria"	"0.9655461123080559"
"8c7bf0b35c0edfc5d61b0cbf14cbe44e"	"D_0__Bacteria"	"0.9531824212935509"
"8c8ce994889a687f92cb9c3fa1c1e6a8"	"D_0__Bacteria"	"0.9717920745610381"
"8caa828713f273550a0448b1b07c8ef7"	"D_0__Bacteria"	"0.9581293806204363"
"8d3abda54ee165159f498ea80bac80eb"	"Unassigned"	"0.9487220388807616"
"8ebfc54c693f3fa8eee96b596a801b4a"	"D_0__Bacteria"	"0.9480990115244887"
"8f098af104064077e964f7511d3b9613"	"Unassigned"	"0.9591773549714918"
"8f36b7efd6aafdbd3b9915dda3ccd93d"	"D_0__Bacteria"	"0.9505555264142952"
"8fd81be39e91939f98c19a3264a9848b"	"D_0__Bacteria"	"0.9694936014585068"
"8fdd7ebb996306bfb1a7e6b09d41fbff"	"D_0__Bacteria;D_1__Proteobacteria;D_2__Alphaproteobacteria;D_3__Rhodospirillales;D_4__Acetobacteraceae;D_5__Acetobacter;Ambiguous_taxa;D_7__;D_8__;D_9__;D_10__;D_11__;D_12__;D_13__;D_14__"	"0.7362366373096384"
"9015df52e28713a894b686d94f76bd3a"	"D_0__Bacteria"	"0.9319805394252687"
"90aedb2c2e04a743c846cb77157ece54"	"D_0__Bacteria;D_1__Proteobacteria;D_2__Alphaproteobacteria;D_3__Rhodospirillales;D_4__Acetobacteraceae;D_5__Acetobacter;Ambiguous_taxa;D_7__;D_8__;D_9__;D_10__;D_11__;D_12__;D_13__;D_14__"	"0.9902951929519149"
"9253f4d3824701cc313a70f33798d3b6"	"Unassigned"	"0.9532629651849072"
"934615fdf923d19eedcbf815b2ca0d0d"	"D_0__Bacteria"	"0.9588002492980114"
"93fad6854d3b60062bac8a5a3565232c"	"D_0__Bacteria"	"0.9710677852392164"
"9403f4ba374d3c66be44b882eb5875bc"	"D_0__Bacteria"	"0.967770438689527"
"941e2972c0a9ec6a35d0f7d1db23e6c4"	"D_0__Bacteria;D_1__Firmicutes;D_2__Bacilli;D_3__Bacillales;D_4__Bacillaceae;D_5__Bacillus"	"0.9447840637782067"
"9480d6acd55598d27f6156aaa80f2bd8"	"D_0__Bacteria"	"0.955465708963138"
"94aff6bc6b060a32686e4b32b6dd4e22"	"D_0__Bacteria"	"0.9559562336652391"
"9550815493834256c6dce160b2a2e213"	"D_0__Bacteria;D_1__Proteobacteria;D_2__Betaproteobacteria;D_3__Burkholderiales;D_4__Oxalobacteraceae"	"0.9360757837431618"
"95a8c4a4d8d0fc4062eb7bf170fc6921"	"D_0__Bacteria;D_1__Proteobacteria;D_2__Alphaproteobacteria;D_3__Rhodospirillales;D_4__Acetobacteraceae;D_5__Acetobacter;Ambiguous_taxa;D_7__;D_8__;D_9__;D_10__;D_11__;D_12__;D_13__;D_14__"	"0.7848808568071188"
"9625d5371ad5f3b9c2832b94ec61f07f"	"Unassigned"	"0.9426783332899489"
"97c7955ac8f6ec1d2f280c07141913e9"	"Unassigned"	"0.9424384072325104"
"98198db0e72d21f63682d9c1d6083371"	"D_0__Bacteria"	"0.9543213820775118"
"9862b0cfc68edd41ef62fed69042ef16"	"D_0__Bacteria"	"0.9504818011048614"
"98a99a1f1b7c8dc8fcb530582d275f99"	"D_0__Bacteria"	"0.9585140596204832"
"9946d6cd7227d97a899e8ba619e62295"	"D_0__Bacteria"	"0.9317614355247622"
"9a28eeff773ffd3fad4a6fefc48fed4d"	"D_0__Bacteria"	"0.9638915739908639"
"9adc83518f200d1d2ad7833e8ced4a36"	"D_0__Bacteria;D_1__Proteobacteria;D_2__Gammaproteobacteria;D_3__Pseudomonadales;D_4__Pseudomonadaceae;D_5__Pseudomonas"	"0.9891714009111331"
"9b4106b86405692b851ef20da4426b71"	"D_0__Bacteria"	"0.9579478895495197"
"9b8f4530fffd78453dd5ecee8247fbc4"	"D_0__Bacteria"	"0.9458658229729751"
"9c35a95cbd4b489c39b2f440dfb7ce2c"	"D_0__Bacteria"	"0.9544933376227738"
"9c42ad6ba195312c465f224601a1f0ea"	"Unassigned"	"0.9487768100648489"
"9c6e1a0caee7bc0e5cb23ad9290284d1"	"D_0__Bacteria;D_1__Proteobacteria;D_2__Alphaproteobacteria;D_3__Rhodospirillales;D_4__Acetobacteraceae;D_5__Acetobacter;Ambiguous_taxa;D_7__;D_8__;D_9__;D_10__;D_11__;D_12__;D_13__;D_14__"	"0.8491853097426262"
"9d8d1deecd43cf31a5e927ea301b79a5"	"D_0__Bacteria"	"0.9554744335364828"
"9dc26766f29ec7a0db35c3522e70ff92"	"D_0__Bacteria;D_1__Bacteroidetes;D_2__Sphingobacteriia;D_3__Sphingobacteriales;D_4__Chitinophagaceae"	"0.9517227800694036"
"9ddcac85e22a7931ab99fa070e42bed2"	"D_0__Bacteria"	"0.8996515317111545"
"9e66e0712ced12052073107e44477504"	"Unassigned"	"0.9511078989794784"
"9e6943f9ce2f0efe582638f589024c46"	"D_0__Bacteria;D_1__Proteobacteria;D_2__Alphaproteobacteria;D_3__Rhodospirillales;D_4__Acetobacteraceae;D_5__Acetobacter;Ambiguous_taxa;D_7__;D_8__;D_9__;D_10__;D_11__;D_12__;D_13__;D_14__"	"0.8006576525828956"
"9eeb6bb8a369edb95ab5582e251723cf"	"D_0__Bacteria;D_1__Proteobacteria;D_2__Alphaproteobacteria;D_3__Rhodospirillales;D_4__Acetobacteraceae;D_5__Acetobacter;Ambiguous_taxa;D_7__;D_8__;D_9__;D_10__;D_11__;D_12__;D_13__;D_14__"	"0.7846000327509776"
"a1de421508612f46fca4822afff4126d"	"D_0__Bacteria"	"0.9602127411648695"
"a248f1a6d7bc97253a5f722b9951ae42"	"Unassigned"	"0.913077904617448"
"a28103d318ec8bbabc59b2121eaf1ded"	"D_0__Bacteria"	"0.9627267760903018"
"a2c1775a823d28b02aedf45ef4da0cd9"	"D_0__Bacteria;D_1__Firmicutes;D_2__Bacilli;D_3__Lactobacillales;D_4__Lactobacillaceae;D_5__Lactobacillus;D_6__Lactobacillus plantarum;D_7__;D_8__;D_9__;D_10__;D_11__;D_12__;D_13__;D_14__"	"0.9153314523975304"
"a303090ffafb4ef14d4d731450af9118"	"D_0__Bacteria;D_1__Firmicutes;D_2__Bacilli;D_3__Lactobacillales;D_4__Lactobacillaceae;D_5__Lactobacillus;D_6__Lactobacillus casei;D_7__;D_8__;D_9__;D_10__;D_11__;D_12__;D_13__;D_14__"	"0.7296855446061579"
"a44d8746ae019eea58960c784326f443"	"D_0__Bacteria"	"0.9701034314217345"
"a4651b426b97ffa67a9f174a20d55aba"	"D_0__Bacteria"	"0.9685935878275169"
"a477efe450e4e3a7de33727e7c13b98c"	"D_0__Bacteria;D_1__Proteobacteria;D_2__Alphaproteobacteria;D_3__Rhodospirillales;D_4__Acetobacteraceae;D_5__Acetobacter;Ambiguous_taxa;D_7__;D_8__;D_9__;D_10__;D_11__;D_12__;D_13__;D_14__"	"0.9323644467976236"
"a52e43df32603981e96fef5d15eee50a"	"D_0__Bacteria"	"0.9565788176075538"
"a6687d1800e6cb6b506828f50d5027d7"	"D_0__Bacteria;D_1__Proteobacteria;D_2__Gammaproteobacteria;D_3__Pseudomonadales;D_4__Moraxellaceae;D_5__Acinetobacter;D_6__Acinetobacter calcoaceticus;D_7__;D_8__;D_9__;D_10__;D_11__;D_12__;D_13__;D_14__"	"0.7874428559485588"
"a6bac609b67772f6ff8bed8f83450518"	"D_0__Bacteria;D_1__Firmicutes;D_2__Bacilli;D_3__Bacillales;D_4__Bacillaceae;D_5__Bacillus"	"0.9687557379170161"
"a6c1ddb3bd218adf019ed062a07df6bb"	"D_0__Bacteria"	"0.9465308492215962"
"a6e3c0b8c954c3bcadccd97c36587c83"	"D_0__Bacteria;D_1__Firmicutes;D_2__Bacilli;D_3__Bacillales;D_4__Staphylococcaceae;D_5__Staphylococcus"	"0.8754333274634715"
"a6f87ec4f2a1e4da2b92889311b5c03e"	"Unassigned"	"0.9549456405886724"
"a7037868e3fe5dc7396e81c7297c65c3"	"Unassigned"	"0.9368951807472035"
"a776233eb0bc9e0304c80700e685ffac"	"D_0__Bacteria;D_1__Proteobacteria;D_2__Gammaproteobacteria;D_3__Pseudomonadales;D_4__Moraxellaceae;D_5__Acinetobacter"	"0.988519945577229"
"a99a0ccad3b28e0438283990d3a1719e"	"D_0__Bacteria"	"0.9709491162631402"
"a9a0149203493cfe9c816560f757b21d"	"D_0__Bacteria;D_1__Proteobacteria;D_2__Gammaproteobacteria;D_3__Pseudomonadales;D_4__Pseudomonadaceae;D_5__Pseudomonas;D_6__Pseudomonas koreensis;D_7__;D_8__;D_9__;D_10__;D_11__;D_12__;D_13__;D_14__"	"0.7310425776163245"
"a9acb3850b309439f8d094b36cd648cb"	"D_0__Bacteria"	"0.9697882961884092"
"aa9643a5797ce7dc69a5a92df3bf77f3"	"D_0__Bacteria;D_1__Proteobacteria;D_2__Gammaproteobacteria;D_3__Pseudomonadales;D_4__Pseudomonadaceae;D_5__Pseudomonas"	"0.9779661879739613"
"ac5564754afcc022be04180c885b504b"	"D_0__Bacteria;D_1__Proteobacteria;D_2__Alphaproteobacteria;D_3__Rhodospirillales;D_4__Acetobacteraceae"	"0.9417181031859646"
"acc3d9a9647ea1ce399ff6bf5efb1693"	"Unassigned"	"0.9555981594520699"
"ad8551804ced969412576731f681d6d9"	"D_0__Bacteria"	"0.9716734045683413"
"ad8f30eb626c3b857b6b8ab9375a6bee"	"D_0__Bacteria;D_1__Firmicutes;D_2__Bacilli;D_3__Lactobacillales;D_4__Streptococcaceae;D_5__Streptococcus"	"0.9988869948129665"
"ae3ad3f16b2f389105b0390d590f494c"	"D_0__Bacteria"	"0.9654802800483497"
"ae4a2748da6fb2e14948c521242aa671"	"D_0__Bacteria"	"0.9454132765595613"
"afaa143ca58293e53667e8ff10d15c3c"	"D_0__Bacteria"	"0.971850828639411"
"aff2d4ae7abd3c91861468c5e15b04bf"	"D_0__Bacteria"	"0.9551733512319753"
"aff52c5d891b513e084e93069185e35d"	"D_0__Bacteria"	"0.9643238308851325"
"b006f614b8a42164da2e865c2b0b047d"	"D_0__Bacteria;D_1__Firmicutes;D_2__Bacilli;D_3__Bacillales;D_4__Planococcaceae;D_5__Lysinibacillus"	"0.9978555442421689"
"b036e6d243a4a2b0175b3d1f2fc5642a"	"D_0__Bacteria"	"0.9766747372339766"
"b0b4ac66ba107a0b0f2f4a0028e48e59"	"D_0__Bacteria"	"0.9328621770751775"
"b0b6298a0a3ef0538ae3f3635b3a3afc"	"D_0__Bacteria;D_1__Proteobacteria;D_2__Alphaproteobacteria;D_3__Rhodospirillales;D_4__Acetobacteraceae;D_5__Acetobacter;Ambiguous_taxa;D_7__;D_8__;D_9__;D_10__;D_11__;D_12__;D_13__;D_14__"	"0.9576875782112934"
"b0dae18b1f0971cfc712b34b83037528"	"D_0__Bacteria;D_1__Firmicutes;D_2__Bacilli;D_3__Bacillales;D_4__Staphylococcaceae;D_5__Staphylococcus"	"0.9966508667053543"
"b1785e53ddef63ba179a324faca18255"	"D_0__Bacteria;D_1__Proteobacteria;D_2__Alphaproteobacteria;D_3__Rhodospirillales;D_4__Acetobacteraceae"	"0.9210146730547601"
"b1acc74b7765815021824d9e357be2b6"	"D_0__Bacteria"	"0.9595220147831981"
"b1d75b4afd966577f2e144e0587c1ab5"	"Unassigned"	"0.9479307526551339"
"b201f6d92c42ca265748d0e19ab95780"	"D_0__Bacteria;D_1__Proteobacteria;D_2__Alphaproteobacteria;D_3__Rhizobiales;D_4__Rhizobiaceae;D_5__Rhizobium"	"0.7382647516025085"
"b20b98b5f23ec294affd7d68ac5588f4"	"D_0__Bacteria;D_1__Firmicutes;D_2__Bacilli;D_3__Lactobacillales;D_4__Lactobacillaceae;D_5__Lactobacillus"	"0.9973604726364307"
"b24d034c277751ef88bd56816709a4ae"	"D_0__Bacteria"	"0.9619379781901013"
"b252d628da3287f7623250f1cc05b59f"	"D_0__Bacteria"	"0.9537106500846642"
"b2b679e384c3859523eb752a32864a55"	"D_0__Bacteria"	"0.965719834653344"
"b348bcefb53f8bd236e5a53e0719de89"	"D_0__Bacteria"	"0.9589537672998292"
"b419c858d3058af7a2786561a15a9be1"	"D_0__Bacteria"	"0.9600389297302149"
"b42c6203a5ac90ac295bad8fb91aa7ec"	"D_0__Bacteria"	"0.9442237856402516"
"b4bf07e269f8c685cd2e03ae562d02a2"	"D_0__Bacteria;D_1__Firmicutes;D_2__Bacilli;D_3__Bacillales;D_4__Staphylococcaceae;D_5__Staphylococcus"	"0.9941266623503322"
"b5309fdf636afbdf43972b63295efbac"	"D_0__Bacteria"	"0.9593416798734649"
"b542659cafdd77ef9f05605b55ecbc69"	"Unassigned"	"0.9503796615673713"
"b57dbafc89250187bcd7343ca9b8567e"	"D_0__Bacteria"	"0.9603994341965901"
"b62dcb845aa9ca20bd6299b33c0cf8b9"	"D_0__Bacteria"	"0.9654063279088859"
"b656988f920c0d400c660c5f337ffb67"	"D_0__Bacteria;D_1__Proteobacteria;D_2__Alphaproteobacteria;D_3__Rhodospirillales;D_4__Acetobacteraceae;D_5__Acetobacter"	"0.7769516410613915"
"b6b53c4ec3d327507c58ce35d01d7828"	"D_0__Bacteria;D_1__Proteobacteria;D_2__Alphaproteobacteria;D_3__Rhodospirillales;D_4__Acetobacteraceae;D_5__Acetobacter"	"0.7696515180828759"
"b75a5884989d17f8424b7c08ee28f09c"	"D_0__Bacteria;D_1__Proteobacteria;D_2__Gammaproteobacteria;D_3__Enterobacteriales;D_4__Enterobacteriaceae;D_5__Escherichia-Shigella"	"0.903190839658316"
"b842040ebddb297762b335596039c9a3"	"D_0__Bacteria"	"0.9541096888565852"
"b8669af1dd560a028fb90f0d23462114"	"D_0__Bacteria"	"0.9651945460454467"
"b892fc9b659834c280e8f6307cddefe3"	"D_0__Bacteria"	"0.949152686602804"
"ba7122dfa390f3857bbc311ec74c4003"	"D_0__Bacteria"	"0.9695297031277298"
"bae1083ec67cbdc2bd7c694eb88507fe"	"D_0__Bacteria"	"0.9595406978293918"
"bbb43a1c68f2d2ff34c33cd2825f434b"	"D_0__Bacteria"	"0.9636910323124086"
"bd16fddda5e26c321299aafa4a482f4f"	"D_0__Bacteria"	"0.9421400937787794"
"bd3f04231309dd874b48beaf6ddfb12f"	"D_0__Bacteria"	"0.9947208668828487"
"bd7813a81e707aa5703957bc49b31ff2"	"D_0__Bacteria;D_1__Proteobacteria;D_2__Gammaproteobacteria;D_3__Pseudomonadales;D_4__Pseudomonadaceae;D_5__Pseudomonas"	"0.9738431089911013"
"bdb548ffae5ebbcfe193474def98dcb7"	"D_0__Bacteria"	"0.9503143481966188"
"bdd6c7df745b72a9eba34e61e888c31a"	"D_0__Bacteria"	"0.9609257414009703"
"be5993e68be357e6a1fec83484222216"	"D_0__Bacteria"	"0.9582335081415388"
"bec3d9f414a43d4e5713f124ebe6fbd4"	"D_0__Bacteria"	"0.9642239679921436"
"bf470769d05d2c68453bc2c0421e6cdb"	"D_0__Bacteria"	"0.9677430920462444"
"c0d231ae02784a5b8d55302cee2a654c"	"D_0__Bacteria"	"0.9569152549617919"
"c0dc47043142ebbc1c24435248d5ed7b"	"D_0__Bacteria"	"0.9329754603050419"
"c0f9debd3c44391c0b5748ecf21833ab"	"D_0__Bacteria"	"0.9523135237867996"
"c1004fd1de779ba139514b85081ca8dc"	"Unassigned"	"0.9109656419344652"
"c35c820c265383f0013331a4375a29f5"	"D_0__Bacteria;D_1__Proteobacteria;D_2__Alphaproteobacteria;D_3__Rhodospirillales;D_4__Acetobacteraceae"	"0.9730004257246622"
"c4df20aad977b5392bbfc7569548a4ef"	"D_0__Bacteria"	"0.96726099346576"
"c5395c876efbfada63433d5be9c4e06b"	"D_0__Bacteria;D_1__Proteobacteria"	"0.8783805320858465"
"c54abdae7c8529dfbde0b0b544bdd8e3"	"D_0__Bacteria"	"0.9644079942806324"
"c5eff3f96f3bfc3a703184c91741e687"	"Unassigned"	"0.9252403461551082"
"c6febd04da0484212b15fffbe0a5e594"	"D_0__Bacteria"	"0.9573827886093359"
"c777ca65a930a8ca3065923578a2affb"	"D_0__Bacteria"	"0.9637573354931678"
"c7b21fee541398c78ecc4202ef609b8f"	"D_0__Bacteria;D_1__Firmicutes;D_2__Bacilli;D_3__Bacillales;D_4__Staphylococcaceae;D_5__Staphylococcus;Ambiguous_taxa;D_7__;D_8__;D_9__;D_10__;D_11__;D_12__;D_13__;D_14__"	"0.8383031701893278"
"c7b62072efc9b6a29e6b6e9eb8e3b88e"	"D_0__Bacteria"	"0.9500697626527811"
"c7eef51ffeeaf6f6b64e73545babcab8"	"D_0__Bacteria;D_1__Proteobacteria;D_2__Alphaproteobacteria;D_3__Rhodospirillales;D_4__Acetobacteraceae;D_5__Acetobacter;Ambiguous_taxa;D_7__;D_8__;D_9__;D_10__;D_11__;D_12__;D_13__;D_14__"	"0.9634092032718905"
"cac94a47ab3db48fb6ee0130cdf636d0"	"Unassigned"	"0.9458768695914427"
"cb0deb9b7478bace752c4badd6222cc4"	"D_0__Bacteria"	"0.9570915831352821"
"cc2cfb8cb814fa3907352cb9019cabdd"	"D_0__Bacteria"	"0.9339451898337313"
"ccdc6833642a549116d8c23c84b31312"	"D_0__Bacteria;D_1__Proteobacteria;D_2__Betaproteobacteria;D_3__Burkholderiales;D_4__Comamonadaceae"	"0.960526501835561"
"cd32b14b6e156905899f42b825b3c12c"	"D_0__Bacteria;D_1__Firmicutes;D_2__Bacilli;D_3__Lactobacillales;D_4__Enterococcaceae"	"0.968653478225997"
"cd7e2a24476543588485f0e477580fd2"	"D_0__Bacteria"	"0.9561844244372638"
"cea746a458a2a863563263c231278315"	"D_0__Bacteria"	"0.9506616073140134"
"cedd6c1291c0fa44fd63f657b8c5b726"	"D_0__Bacteria"	"0.969644056835945"
"cf0f9dcf14c48cdebd0ac4acf3d2f3c8"	"D_0__Bacteria"	"0.9565789726164456"
"cf5de155e9fff6cdfe5f03c5f9219cd5"	"D_0__Bacteria;D_1__Proteobacteria;D_2__Betaproteobacteria;D_3__Burkholderiales;D_4__Oxalobacteraceae"	"0.9906769733255836"
"cf606a297f4520306852ad92af5af13b"	"D_0__Bacteria;D_1__Actinobacteria;D_2__Actinobacteria"	"0.8598900970111436"
"cfd740489907f6da2438268c9a8e1baf"	"D_0__Bacteria;D_1__Firmicutes;D_2__Bacilli;D_3__Bacillales;D_4__Staphylococcaceae;D_5__Staphylococcus"	"0.9956697317390074"
"cfddc429ce9c768d9e148667f708d92c"	"D_0__Bacteria"	"0.9644624289691722"
"cfee5a648e5fd21881227bc1f8be8042"	"D_0__Bacteria"	"0.9392132738143892"
"cff3b176a8533168cca8f6cc8bfcf5bb"	"D_0__Bacteria;D_1__Proteobacteria;D_2__Gammaproteobacteria;D_3__Pseudomonadales;D_4__Pseudomonadaceae;D_5__Pseudomonas"	"0.9688424495269357"
"d09896f5d610695f2593c67851f696bc"	"D_0__Bacteria"	"0.9610859110005243"
"d19e97c0ca3473fa16c5dce7e7007feb"	"D_0__Bacteria"	"0.9485535943946359"
"d29c04841f4c7bffa399b3500745a060"	"D_0__Bacteria"	"0.9544405275071131"
"d2a7a7e481cc7548ee31e35775512038"	"D_0__Bacteria"	"0.9746844306971433"
"d3f6f6959ad343f48ea2616b9921fca4"	"D_0__Bacteria;D_1__Proteobacteria;D_2__Alphaproteobacteria;D_3__Rhodospirillales;D_4__Acetobacteraceae;D_5__Acetobacter;Ambiguous_taxa;D_7__;D_8__;D_9__;D_10__;D_11__;D_12__;D_13__;D_14__"	"0.9572839325987001"
"d40865e66234c323a4a73838b83fc1cc"	"D_0__Bacteria"	"0.9752143810639136"
"d42b741ae0d8ca3839636e619c6fd45d"	"D_0__Bacteria"	"0.9511281888134745"
"d4acd28e31f4fad80c0e19b87851dadd"	"D_0__Bacteria"	"0.9565735021864726"
"d4e5ca564ad45c830ede2b070458fcf3"	"Unassigned"	"0.9424686818063848"
"d5d6695a7e0d30154d36fc81385042b7"	"D_0__Bacteria;D_1__Proteobacteria;D_2__Gammaproteobacteria;D_3__Pseudomonadales;D_4__Moraxellaceae;D_5__Acinetobacter"	"0.9991939196403287"
"d6567b06099201f2b0e3d17c2ffe92e1"	"D_0__Bacteria;D_1__Actinobacteria;D_2__Actinobacteria;D_3__Micrococcales"	"0.9029548154980341"
"d747d98fabbf199c097461fe9654b873"	"D_0__Bacteria"	"0.9683221640585328"
"d74ca83cc51724a601a14017c0c1dd4c"	"D_0__Bacteria"	"0.9243535437952448"
"d794885f23219a4123d4b558d4e7bccd"	"D_0__Bacteria;D_1__Proteobacteria;D_2__Alphaproteobacteria;D_3__Rhodospirillales"	"0.7115217432882542"
"d80f062d8f04a1e7b7167171ecddb98a"	"D_0__Bacteria"	"0.953769661120054"
"d81260c541c0f5ee9e5306d08ec5054d"	"D_0__Bacteria"	"0.9555519979982914"
"d84acdd786b586920f559b15ab503b88"	"D_0__Bacteria"	"0.954632472835069"
"d86d234120b66d39f2b0fc8f2eec692d"	"D_0__Bacteria"	"0.9732058720379547"
"d94fbddf859efaa2c89f138c39f8956b"	"D_0__Bacteria"	"0.9670324808088508"
"d98e181d512b3e9d276870bb15f7c042"	"D_0__Bacteria"	"0.9800363207788795"
"d9c493d39d6e96e5f47b42466bdc390e"	"D_0__Bacteria;D_1__Proteobacteria;D_2__Alphaproteobacteria;D_3__Rhodospirillales;D_4__Acetobacteraceae;D_5__Acetobacter;Ambiguous_taxa;D_7__;D_8__;D_9__;D_10__;D_11__;D_12__;D_13__;D_14__"	"0.8042145306845426"
"d9d0bfb8647f4c3be3d1a5b309f7b1cc"	"D_0__Bacteria"	"0.9736442828431333"
"da0330f866215aba1a3431d32710c8ad"	"D_0__Bacteria"	"0.9820786705307034"
"da8210984f7819fbfa3f28adc0ded035"	"Unassigned"	"0.9464004106958314"
"da8ef277ec6a6df6cce47bd3047b0c68"	"D_0__Bacteria"	"0.9567767919695829"
"db9f0d4fb97420260553ad52e56ef69b"	"D_0__Bacteria"	"0.9467917731636205"
"dc77fe261a382dc770a3754481d8ac33"	"D_0__Bacteria"	"0.9433298327453418"
"dc83abcea640ea308f99eba749b1e8d0"	"D_0__Bacteria;D_1__Actinobacteria;D_2__Actinobacteria;D_3__Micrococcales;D_4__Micrococcaceae"	"0.7679016598382085"
"dcc0c3c706136e2623dc30279edb5dde"	"D_0__Bacteria;D_1__Proteobacteria;D_2__Betaproteobacteria;D_3__Burkholderiales;D_4__Burkholderiaceae;D_5__Burkholderia-Paraburkholderia"	"0.9851031584559583"
"dcd6779433b0fa7cd022293db5020b1c"	"D_0__Bacteria"	"0.9618979013009256"
"dda2a6f55a6045044a7e91f8d076a99e"	"D_0__Bacteria;D_1__Proteobacteria;D_2__Alphaproteobacteria;D_3__Rhodospirillales;D_4__Acetobacteraceae;D_5__Acetobacter;Ambiguous_taxa;D_7__;D_8__;D_9__;D_10__;D_11__;D_12__;D_13__;D_14__"	"0.860615028288443"
"ddf47db3aa8b077a6059f5d5c1b79518"	"D_0__Bacteria"	"0.9592500395068772"
"ddf83c0b68613f341902790a082bc5a3"	"D_0__Bacteria"	"0.9656939243190474"
"de2f1e2bf6a3680c5b8a09963fa3bba2"	"D_0__Bacteria;D_1__Proteobacteria;D_2__Alphaproteobacteria;D_3__Rhodospirillales;D_4__Acetobacteraceae;D_5__Acetobacter;Ambiguous_taxa;D_7__;D_8__;D_9__;D_10__;D_11__;D_12__;D_13__;D_14__"	"0.7126798123586721"
"de606ee6340e316a2b6f2b3a4a0b20a9"	"D_0__Bacteria"	"0.9742427794107296"
"dea33a9e568e9fe43885fd49d345139a"	"D_0__Bacteria"	"0.9635356686060644"
"df7cdef9a3e6330174c6bd9b0b7d69e7"	"D_0__Bacteria"	"0.9568106702314974"
"dfa40e355903376c7d6f72f28089a220"	"D_0__Bacteria"	"0.9381601445342611"
"e0e5a7c2a78f6e3102c749f53a8451f5"	"D_0__Bacteria;D_1__Proteobacteria;D_2__Betaproteobacteria;D_3__Burkholderiales;D_4__Burkholderiaceae;D_5__Ralstonia"	"0.9785194115866999"
"e1b2e90c23e8c2c49d7895f14e441f96"	"D_0__Bacteria;D_1__Bacteroidetes;D_2__Flavobacteriia;D_3__Flavobacteriales;D_4__Flavobacteriaceae;D_5__Cloacibacterium;D_6__uncultured bacterium;D_7__;D_8__;D_9__;D_10__;D_11__;D_12__;D_13__;D_14__"	"0.9290575890200522"
"e1d5eb08b9eafb615bf60591a9014176"	"D_0__Bacteria;D_1__Proteobacteria;D_2__Gammaproteobacteria;D_3__Pseudomonadales;D_4__Pseudomonadaceae;D_5__Pseudomonas"	"0.980758260565697"
"e1f7d655f1b5899ecd84406ace512e0a"	"Unassigned"	"0.9543904272503886"
"e20fa3a7def1930679fa83a7b5846832"	"D_0__Bacteria;D_1__Firmicutes;D_2__Bacilli;D_3__Bacillales;D_4__Staphylococcaceae;D_5__Staphylococcus"	"0.9959883844841297"
"e22eef28563bd911753294eae19b55a6"	"D_0__Bacteria"	"0.9658142954827897"
"e299dc11f1ef328a611946fb19e9422d"	"D_0__Bacteria"	"0.9996843194537369"
"e463ec2f0ee8ebf5a312d582c7c58d67"	"D_0__Bacteria"	"0.9677623175910004"
"e481c86d25c16bda35869bb7b1232252"	"D_0__Bacteria;D_1__Actinobacteria;D_2__Actinobacteria;D_3__Micrococcales;D_4__Brevibacteriaceae;D_5__Brevibacterium;Ambiguous_taxa;D_7__;D_8__;D_9__;D_10__;D_11__;D_12__;D_13__;D_14__"	"0.9493327633690624"
"e4bbcb4c7bb7d195ddfc470e156986e8"	"D_0__Bacteria"	"0.9805602642529363"
"e52c8eda7559f3f918bde4c3173df984"	"D_0__Bacteria;D_1__Firmicutes;D_2__Bacilli;D_3__Bacillales;D_4__Planococcaceae;D_5__Lysinibacillus"	"0.9981926536563395"
"e6cbe4fe74e2021a1e71aab73904eaaf"	"D_0__Bacteria"	"0.9534087915544106"
"e70f1edfd8e148993d40a55d3245a2d9"	"D_0__Bacteria"	"0.9516053717233578"
"e754c5f9f347837f5e014ecb11ec3c97"	"D_0__Bacteria"	"0.9709085419794035"
"e76c2ae3996a5102cfece9c4c22cdab5"	"D_0__Bacteria"	"0.9626463331892589"
"e7db539c95d40c20a0308f75f23de89f"	"D_0__Bacteria"	"0.9592979147297307"
"e80f2b224dc13f02f94d2951bcbe2ac7"	"D_0__Bacteria;D_1__Proteobacteria;D_2__Gammaproteobacteria;D_3__Pseudomonadales;D_4__Moraxellaceae;D_5__Acinetobacter"	"0.9885772903358959"
"e8e06207ba6a46614325c6f705e5fc47"	"D_0__Bacteria;D_1__Actinobacteria;D_2__Actinobacteria;D_3__Micrococcales;D_4__Micrococcaceae;D_5__Rothia;D_6__uncultured bacterium;D_7__;D_8__;D_9__;D_10__;D_11__;D_12__;D_13__;D_14__"	"0.7817074525559276"
"e955934c34078843c61bb201bd253899"	"D_0__Bacteria;D_1__Proteobacteria;D_2__Gammaproteobacteria;D_3__Xanthomonadales;D_4__Xanthomonadaceae;D_5__Stenotrophomonas"	"0.9751840900356701"
"e9ba5428df2b81a8633a7050104ba8a4"	"D_0__Bacteria"	"0.9503480817018063"
"e9f1a63b32774ed01b0b2b7db8cf805e"	"D_0__Bacteria"	"0.9280643908023988"
"ea03416aab50c2ad5d3fdfb63cdb538b"	"D_0__Bacteria"	"0.968433844804225"
"ea2c6fc6474c32920146543f066b9fa7"	"D_0__Bacteria"	"0.9598450911529774"
"ea3d3b1718d1c51aa54cefcc75d4eff0"	"D_0__Bacteria;D_1__Proteobacteria;D_2__Alphaproteobacteria;D_3__Rickettsiales;D_4__Anaplasmataceae;D_5__Wolbachia;Ambiguous_taxa;D_7__;D_8__;D_9__;D_10__;D_11__;D_12__;D_13__;D_14__"	"0.9868531135900751"
"eadc90061f63ddc6684583bf3e7fc5dd"	"D_0__Bacteria;D_1__Proteobacteria;D_2__Betaproteobacteria;D_3__Burkholderiales;D_4__Comamonadaceae;D_5__Delftia"	"0.8881007287553007"
"eaf510d018672ce30b55c70de892b59f"	"D_0__Bacteria;D_1__Actinobacteria;D_2__Actinobacteria;D_3__Corynebacteriales;D_4__Nocardiaceae;D_5__Nocardia;Ambiguous_taxa;D_7__;D_8__;D_9__;D_10__;D_11__;D_12__;D_13__;D_14__"	"0.8649502436656863"
"ec134059aec2ba856f90998b7e765ebb"	"Unassigned"	"0.9490735781368452"
"ecb6ad521b95a581a0d35b768baacd53"	"D_0__Bacteria;D_1__Firmicutes;D_2__Bacilli;D_3__Bacillales;D_4__Staphylococcaceae;D_5__Staphylococcus"	"0.9967344134559409"
"ed39bdca64a9b4f1e56438474c13340b"	"D_0__Bacteria;D_1__Firmicutes;D_2__Bacilli;D_3__Bacillales;D_4__Staphylococcaceae;D_5__Staphylococcus"	"0.9900112692188872"
"ed70d47cb30df0a275e88c4c7b03b9fd"	"D_0__Bacteria"	"0.9764103377009125"
"eda840050310debe3378292cfda2e0bd"	"D_0__Bacteria;D_1__Actinobacteria;D_2__Actinobacteria;D_3__Micrococcales"	"0.8922707999509953"
"edba123213f9cb766bcf6d5824be1ee3"	"D_0__Bacteria;D_1__Proteobacteria;D_2__Alphaproteobacteria;D_3__Rhodospirillales;D_4__Acetobacteraceae;D_5__Acetobacter;Ambiguous_taxa;D_7__;D_8__;D_9__;D_10__;D_11__;D_12__;D_13__;D_14__"	"0.9532374851891507"
"eddee4e11bb5d60e2a7b9699522f77c5"	"D_0__Bacteria;D_1__Proteobacteria;D_2__Betaproteobacteria;D_3__Burkholderiales;D_4__Comamonadaceae"	"0.9905273826810217"
"edf33413a891e48baf01b0f9d4737585"	"D_0__Bacteria"	"0.9462978478107721"
"ee3e4c07eecdd2c2135a0c02a5d5bc52"	"D_0__Bacteria"	"0.9490470797559623"
"ee6329ccc5904a1c36af5750c4e9de25"	"D_0__Bacteria"	"0.9699954021964055"
"ef10fe7b6a3a63b462422877404dc15b"	"Unassigned"	"0.9554281537855759"
"ef8636aec0262165a66793a29de1bdf8"	"D_0__Bacteria;D_1__Proteobacteria;D_2__Gammaproteobacteria;D_3__Pseudomonadales;D_4__Moraxellaceae;D_5__Acinetobacter"	"0.9921629410911119"
"efaf29d424997e02f364ba1a415c6575"	"D_0__Bacteria"	"0.9672938284164135"
"efba9f3458f1b2e2ebe4e3bacc6cb70b"	"Unassigned"	"0.9431096682987615"
"f02b56dc7c7242cf28d6fc87b602ce70"	"D_0__Bacteria"	"0.9707981861506952"
"f06060c2dfae1fab85552d521bb5b622"	"Unassigned"	"0.9159074588693165"
"f21f8d314943a52872dfba8229df77fe"	"Unassigned"	"0.9338080405746175"
"f3618f746b58067b2fb20b7dbe4464c6"	"D_0__Bacteria"	"0.9535355099794599"
"f44989ac46213b8eebc8ab734720d4e1"	"D_0__Bacteria;D_1__Bacteroidetes;D_2__Bacteroidia;D_3__Bacteroidales;D_4__Prevotellaceae"	"0.7543539653456263"
"f45551bf7bff899f56aa46fd5f4f1221"	"D_0__Bacteria;D_1__Proteobacteria;D_2__Alphaproteobacteria;D_3__Rhodospirillales;D_4__Acetobacteraceae"	"0.9679343222474652"
"f46b1c8ac20b888b660c84bac984992a"	"D_0__Bacteria"	"0.9428331805594843"
"f5167744e283d6b70511adac59b9d69d"	"D_0__Bacteria"	"0.9594579578783009"
"f550e339804d4a593ce5ab78b8c020d9"	"D_0__Bacteria"	"0.9586251954385203"
"f5e5548637d8d0173d2c39e68d05363f"	"D_0__Bacteria"	"0.9655342344686982"
"f63097141b48b446dfccd755c3f4f75f"	"D_0__Bacteria"	"0.9525315464519098"
"f643c55ad01dfaa11ea6140661cc51d3"	"D_0__Bacteria"	"0.9658471761264202"
"f69a15e408c7d51ebe0e17f6bab97094"	"D_0__Bacteria;D_1__Firmicutes;D_2__Bacilli;D_3__Bacillales;D_4__Staphylococcaceae;D_5__Staphylococcus"	"0.9936782245616256"
"f74c0476eefbae2e6c797916373ce43b"	"D_0__Bacteria;D_1__Proteobacteria;D_2__Betaproteobacteria;D_3__Burkholderiales;D_4__Comamonadaceae;D_5__Delftia"	"0.7987082508422354"
"f78bf241e1a21a4a4bf7620aad75b2e2"	"D_0__Bacteria"	"0.9571027396990655"
"f80890e4cba887838f9357c87685899b"	"D_0__Bacteria"	"0.9585512740015365"
"f808de6af104164378d456856b5f8596"	"Unassigned"	"0.9554684719818137"
"f8d3cd9277ea826566902d01c79a3e93"	"D_0__Bacteria;D_1__Proteobacteria;D_2__Alphaproteobacteria;D_3__Sphingomonadales"	"0.9996140912937522"
"f90c8785f732c3b27100e28970483e42"	"D_0__Bacteria;D_1__Firmicutes;D_2__Bacilli;D_3__Bacillales;D_4__Staphylococcaceae;D_5__Staphylococcus"	"0.9949855259207356"
"f97692278af18f3b46ce977d0aa91644"	"D_0__Bacteria"	"0.9480008030547755"
"f9ac9faff4c635645e3a1ac7a066ffcd"	"D_0__Bacteria"	"0.9606217176233833"
"fa61049a1d457f93a89095cca45fb1ba"	"D_0__Bacteria"	"0.9591926184864983"
"faf828f57fbdb5a57778af0b8398e9ea"	"D_0__Bacteria;D_1__Proteobacteria;D_2__Alphaproteobacteria;D_3__Rhodospirillales;D_4__Acetobacteraceae"	"0.9529983446594631"
"fc8fde2a608b7b41277b740ffbd3ba21"	"D_0__Bacteria"	"0.9583082967677377"
"fd46404ecd9aa77b6efd19017e994eac"	"Unassigned"	"0.9483307200646655"
"fd6185ab6c7e530e4247a003000edae4"	"D_0__Bacteria;D_1__Proteobacteria;D_2__Alphaproteobacteria;D_3__Rhodospirillales;D_4__Acetobacteraceae;D_5__Acetobacter;Ambiguous_taxa;D_7__;D_8__;D_9__;D_10__;D_11__;D_12__;D_13__;D_14__"	"0.8034075078933892"
"fd738c5d507db74118692b2c2ad792dd"	"D_0__Bacteria"	"0.9609441297396228"
"fe201038a0eb3464a9a3afbc0b91f168"	"D_0__Bacteria;D_1__Actinobacteria;D_2__Actinobacteria;D_3__Corynebacteriales;D_4__Corynebacteriaceae"	"0.9017165757844227"
"ffde526299975940a30a5460441482ee"	"D_0__Bacteria"	"0.953402373594022"